{
  "backpropType" : "Standard",
  "cacheMode" : "NONE",
  "confs" : [ {
    "cacheMode" : "NONE",
    "dataType" : "FLOAT",
    "epochCount" : 232,
    "iterationCount" : 0,
    "layer" : {
      "@class" : "org.deeplearning4j.nn.conf.layers.recurrent.LastTimeStep",
      "constraints" : null,
      "gradientNormalization" : "None",
      "gradientNormalizationThreshold" : 1.0,
      "idropout" : null,
      "layerName" : "lstm",
      "underlying" : {
        "@class" : "org.deeplearning4j.nn.conf.layers.LSTM",
        "activationFn" : {
          "@class" : "org.nd4j.linalg.activations.impl.ActivationTanH"
        },
        "biasInit" : 0.0,
        "biasUpdater" : null,
        "constraints" : null,
        "forgetGateBiasInit" : 1.0,
        "gainInit" : 1.0,
        "gateActivationFn" : {
          "@class" : "org.nd4j.linalg.activations.impl.ActivationSigmoid"
        },
        "gradientNormalization" : "None",
        "gradientNormalizationThreshold" : 1.0,
        "helperAllowFallback" : true,
        "idropout" : {
          "@class" : "org.deeplearning4j.nn.conf.dropout.Dropout",
          "p" : 1.0,
          "helperAllowFallback" : true,
          "initializedHelper" : true,
          "pschedule" : null
        },
        "iupdater" : {
          "@class" : "org.nd4j.linalg.learning.config.Adam",
          "beta1" : 0.8999999761581421,
          "beta2" : 0.9990000128746033,
          "epsilon" : 1.0E-7,
          "learningRate" : 0.0010000000474974513
        },
        "layerName" : "lstm",
        "nin" : 6,
        "nout" : 128,
        "regularization" : [ ],
        "regularizationBias" : [ ],
        "rnnDataFormat" : "NWC",
        "timeDistributedFormat" : null,
        "weightInitFn" : {
          "@class" : "org.deeplearning4j.nn.weights.WeightInitXavierUniform"
        },
        "weightInitFnRecurrent" : {
          "@class" : "org.deeplearning4j.nn.weights.WeightInitDistribution",
          "distribution" : {
            "type" : "org.deeplearning4j.nn.conf.distribution.OrthogonalDistribution",
            "gain" : 1.0
          }
        },
        "weightNoise" : null
      }
    },
    "maxNumLineSearchIterations" : 5,
    "miniBatch" : true,
    "minimize" : true,
    "optimizationAlgo" : "STOCHASTIC_GRADIENT_DESCENT",
    "seed" : 1604707484344,
    "stepFunction" : null,
    "variables" : [ ]
  }, {
    "cacheMode" : "NONE",
    "dataType" : "FLOAT",
    "epochCount" : 232,
    "iterationCount" : 0,
    "layer" : {
      "@class" : "org.deeplearning4j.nn.conf.layers.DropoutLayer",
      "activationFn" : {
        "@class" : "org.nd4j.linalg.activations.impl.ActivationSigmoid"
      },
      "biasInit" : 0.0,
      "biasUpdater" : null,
      "constraints" : null,
      "gainInit" : 1.0,
      "gradientNormalization" : "None",
      "gradientNormalizationThreshold" : 1.0,
      "idropout" : {
        "@class" : "org.deeplearning4j.nn.conf.dropout.Dropout",
        "p" : 1.0,
        "helperAllowFallback" : true,
        "initializedHelper" : true,
        "pschedule" : null
      },
      "iupdater" : {
        "@class" : "org.nd4j.linalg.learning.config.Adam",
        "beta1" : 0.8999999761581421,
        "beta2" : 0.9990000128746033,
        "epsilon" : 1.0E-7,
        "learningRate" : 0.0010000000474974513
      },
      "layerName" : "dropout",
      "nin" : 0,
      "nout" : 0,
      "regularization" : [ ],
      "regularizationBias" : [ ],
      "timeDistributedFormat" : null,
      "weightInitFn" : {
        "@class" : "org.deeplearning4j.nn.weights.WeightInitXavier"
      },
      "weightNoise" : null
    },
    "maxNumLineSearchIterations" : 5,
    "miniBatch" : true,
    "minimize" : true,
    "optimizationAlgo" : "STOCHASTIC_GRADIENT_DESCENT",
    "seed" : 1604707484344,
    "stepFunction" : null,
    "variables" : [ ]
  }, {
    "cacheMode" : "NONE",
    "dataType" : "FLOAT",
    "epochCount" : 232,
    "iterationCount" : 0,
    "layer" : {
      "@class" : "org.deeplearning4j.nn.conf.layers.DenseLayer",
      "activationFn" : {
        "@class" : "org.nd4j.linalg.activations.impl.ActivationSoftmax"
      },
      "biasInit" : 0.0,
      "biasUpdater" : null,
      "constraints" : null,
      "gainInit" : 1.0,
      "gradientNormalization" : "None",
      "gradientNormalizationThreshold" : 1.0,
      "hasBias" : true,
      "hasLayerNorm" : false,
      "idropout" : {
        "@class" : "org.deeplearning4j.nn.conf.dropout.Dropout",
        "p" : 1.0,
        "helperAllowFallback" : true,
        "initializedHelper" : true,
        "pschedule" : null
      },
      "iupdater" : {
        "@class" : "org.nd4j.linalg.learning.config.Adam",
        "beta1" : 0.8999999761581421,
        "beta2" : 0.9990000128746033,
        "epsilon" : 1.0E-7,
        "learningRate" : 0.0010000000474974513
      },
      "layerName" : "dense",
      "nin" : 128,
      "nout" : 4,
      "regularization" : [ ],
      "regularizationBias" : [ ],
      "timeDistributedFormat" : null,
      "weightInitFn" : {
        "@class" : "org.deeplearning4j.nn.weights.WeightInitXavierUniform"
      },
      "weightNoise" : null
    },
    "maxNumLineSearchIterations" : 5,
    "miniBatch" : true,
    "minimize" : true,
    "optimizationAlgo" : "STOCHASTIC_GRADIENT_DESCENT",
    "seed" : 1604707484344,
    "stepFunction" : null,
    "variables" : [ "W", "b" ]
  }, {
    "cacheMode" : "NONE",
    "dataType" : "FLOAT",
    "epochCount" : 232,
    "iterationCount" : 0,
    "layer" : {
      "@class" : "org.deeplearning4j.nn.conf.layers.LossLayer",
      "activationFn" : {
        "@class" : "org.nd4j.linalg.activations.impl.ActivationIdentity"
      },
      "biasInit" : 0.0,
      "biasUpdater" : null,
      "constraints" : null,
      "gainInit" : 1.0,
      "gradientNormalization" : "None",
      "gradientNormalizationThreshold" : 1.0,
      "idropout" : null,
      "iupdater" : {
        "@class" : "org.nd4j.linalg.learning.config.Adam",
        "beta1" : 0.8999999761581421,
        "beta2" : 0.9990000128746033,
        "epsilon" : 1.0E-7,
        "learningRate" : 0.0010000000474974513
      },
      "layerName" : "dense_loss",
      "lossFn" : {
        "@class" : "org.nd4j.linalg.lossfunctions.impl.LossMCXENT",
        "softmaxClipEps" : 1.0E-10
      },
      "nin" : 4,
      "nout" : 0,
      "regularization" : [ ],
      "regularizationBias" : [ ],
      "timeDistributedFormat" : null,
      "weightInitFn" : {
        "@class" : "org.deeplearning4j.nn.weights.WeightInitXavier"
      },
      "weightNoise" : null
    },
    "maxNumLineSearchIterations" : 5,
    "miniBatch" : true,
    "minimize" : true,
    "optimizationAlgo" : "STOCHASTIC_GRADIENT_DESCENT",
    "seed" : 1604707484344,
    "stepFunction" : null,
    "variables" : [ ]
  } ],
  "dataType" : "FLOAT",
  "epochCount" : 232,
  "inferenceWorkspaceMode" : "ENABLED",
  "inputPreProcessors" : { },
  "iterationCount" : 744952,
  "tbpttBackLength" : 20,
  "tbpttFwdLength" : 20,
  "trainingWorkspaceMode" : "ENABLED",
  "validateOutputLayerConfig" : true
}